,,,,,,,,,,,,"?",,"Holman","?","?","?","?",,,"?",,,,,"?","?","?","?","?","?","Clyde River",,,,,,,,,"Ritenbenck","?","?","?","?","?","?",,"Daneborg",,,,,,,"Olonkinbyen",,,,,,,,,,,,,,,,,,,,,,,,,,,,,,,,,,,,,,,,"Lagerny","Krestovaya Guba","?","Arkhangelskoye","Mys Zhelaniya",,,,,,,,,,,,,,,,,,,,,,,,,,,,,,,"Kotel'niy",,"?",,,,,,,,,,,,,,,,
,,,,,,,,,,,,,,,,"?","?","?","?",,"Gjoa Haven",,"?",,,,"?","?","?","?","?","?","?",,,,,,"Godhavn",,"Jakobshavn","?","?","?","?","Scoresbysund",,"Myggbukta",,,,,,,,,,,,,,,,,,,,,,,,,,"Tromsø","^","Alta","Hammerfest","Honningsvåg","Vadsø","Kirkenes",,,,,,,,,,,,,,,"Stolbovoy","?",,,,,,,,,,,,,,,,,,,,,"?","?",,"Mys Chelyuskina","Mys Dika",,,,,,,,,,,,,,,,,,,,,,,,,,"Ushakovskoye",,
,,"Utqiagvik","Utqiagvik",,,,,,,,,,,"?","?","?","?","Cambridge Bay","?",,,,"Spence Bay","?",,,,,,,"?","?","Broughton Island","?",,,,,,,"Christianshaab","?","?","?","?","^",,,,"Ísafjörður",,,,,,,,,,,,,,,,,,,,,,"Vågan","Narvik","^","Karesuando","Kautokeino","Kittilä","Karasjok",,"^","Pechenga","Kola",,,,,,,,,,,,"Belushya Guba","Rogachevo",,,,,,,,,,,,,,,,,"?","Ust-Tareya","?","?","?","?",,"?","?","?",,,,,,,"Sagastyr","?",,,,"Yukagir","?","?","Russkoye Ustye",,,,,,,,,,,,,
,"Wainwright","Atqasuk","Nuiqsut","Prudhoe Bay","^","^",,"Tuktoyaktuk","?",,"?","?",,,"?","?",,,,,"?",,,"Pelly Bay",,,"Igloolik",,,"?",,"?","?","?",,,,,,"Holsteinsborg","Egedesminde","?","?","?","?","^",,,,,"Thingvellir","Hólar","Húsavík",,,,,,,,,,,,,,,,"Mosjøen","^","Bodø","^","^","Kiruna","Gällivare","Överkalix","Pajala","Rovaniemi","Sodankylä","Saariselkä","^","Lovozero","Tumanny","Svyatoy Nos",,,,,,,"Bugrino",,,,"Krasino","Rusanovo",,,,,,"Drovyanoy",,"?",,"Leskino","?",,"Dikson","?","?","?","?","?","?","?","?","?","?",,,"Novorybnaya","Kozhevnikovo","?","?","?","Ust-Olenyok","Tit-Ary","Tiksi",,"?","Nizhneyansk","?","?","Chokurdakh","Yar","Pogashkino","Chaychurgino","Chukochya",,,"?",,"Pevek","Valkaran","Leningradsky",,,
"Point Hope","^","Noatak","^","^","Arctic Village","Old Crow","^","Reindeer Station","?","Paulatuk","?","?","?",,,,,"?",,,,"?","?","?","?","?","Hall Beach",,,,,"?",,"Pangnirtung",,"?",,,,"^","?","?","?","Angmagssalik","Kap Dan",,,,,,"Reykjarvík","^","Djúpivogur",,,,,,,,,,,,,,"Veøy","Nidaróss","Steinkjer","^","^","Tärnaby","Arjeplog","Arvidsjaur","Luleå","Kalix","Tornio","Kemi","Pudasjärvi","Kuusamo","Kovdor","Kandalaksha","Umba","Varzuga","Ponoy",,,,"Shoyna",,,,,,,,,,,,"?","Seyakha",,"Napalkovo","Yunbey","Gyda","Polikarpovsk","Nosok","Karaul","Ust-Port","?","?","Volochanka","?","?","?","?","?","Khatanga","?","?","?","Popigay","?","Saskylakh","Udzha","?","Bulun","Tiksi","?","Kular","Ust-Kuyga","Deputatskiy","?","Druzhina","?","?","?","Nizhnekolymsk","Chersky","Ambarchik","?","Ust-Chaun","?","?","^","Mys Shmidta",,
,,"Kotzebue","Ambler","Tanana","Venetie","^","Aklavik","Inuvik","?","Colville Lake","?","?","?","Coppermine","?","Bathurst Inlet",,"Bay Chimo","?","?","?","?","?","?","?","Repulse Bay","?",,,"Cape Dorset","?",,"?","?",,,,,,"Sukkertoppen","Anavik","?","?","^",,,,,,,,,,,,,,,,,,,,,,"Borgund","Lillehammer","^","^","Åre","Östersund","Sollefteå","Örnsköldsvik","Umeå","Skellefteå",,,"Uleåborg","Kajaani","Kuhmo","Ukhta","Chupa",,,,,"Ruchyi",,"Nizhnyaya Mola",,"Indiga","Tobseda","Nelmin-Nos",,,,"Amderma","Ust-Kara","?",,"Yarono","Novy Port",,,"Nakhodka","?","?","?","Dudinka","Norilsk","Kryazhi","Ust-Avam","^","^","?","?","?","?","Khatanga","?","?","?","Kirbey","?","Olenyok","Kuoyka","Kuonara","Zhigansk","Menkere","^","Batagay-Alyta","Batagay","^","?","^","Zashiversk","?","Srednekolymsk","?","?","Bilibino","Aliskerovo","?","?","?","^","?","Enurmino",
"Nome","Buckland","Selawik","^","Fairbanks","Fort Yukon","Clinton Creek","^","Fort McPherson","Fort Good Hope",,,,"Port Radium","?","?","?","?","?","?","?","?","Baker Lake","?","?","Wager Bay",,,,,,,"Lake Harbour","Frobisher Bay","?",,,,,,,"Sandnæs","?","^","Prins Christianssund",,,,,,,,,,,,,,,,,,,,,"Kaupanger","^","^","Hamar","Elverum","Malung","Falun","Gävle","Selånger",,,,"Wasa","Jyväskylä",,"Kuopio","Joensuu","Nadvoitsy","Kem",,"Purnema",,"Soyana","Kamenka","Mezen","Safonovo","Volokovaya","Kotkino","Naryan-Mar","Nosovaya","Varandey","Karataika","Vorkuta","Vorkuta","^","?","Labytnangi",,,"Yamburg","Khalmer-Sede","?","Mangazeya","?","?","Igarka","Svetlogorsk","?","^","?","?","?","Chirinda","Yessey","Ekonda","?","?","?","Aykhal","?","Udachny","Nyurba","Sukhana","Bestyakh","Sebyan-Kyuyol","^","Verkhoyansk","Tomtor","Elginsky","^","^","Ugolnoye","Zyryanka","?","Omolon","^","?","Slautnoye","?","?","Snezhnoye","?",,"?",
,"Unalakleet","Galena","McGrath","Healy","Delta Junction","Dawson City","Mayo Landing","^","Norman Wells","Fort Franklin",,"?","Rae Lakes","Fort Rae","?","?","?","?","?","?","?",,"Rankin Inlet","Chesterfield Inlet",,"?","Coral Harbour",,,,,,"?","^",,,,,,,"Brattahlið","^","^",,,,,,,,,,,,,,,,,,,,,,"Bjørgvin","^","Tønsberg","Oslo","Eidsvoll","Tingvalla","Hedemora","Uppsala",,,,"Björneborg","Tammerfors",,"Villmanstrand",,"Nyslott","Sortavala","Kondopoga","Ust-Onega","Mudyuga","Nyonoksa","Novokholmogory","Pinega","Leshukonskoye","Blagoyevo","Usogorsk","Koslan","Ust-Tsilma","?","Usinsk","Inta","?","?","?","Obdorsk","Obdorsk","Aksarka","Nadym","Novy Urengoy","Urengoy","?","Mangazeya","Krasnoselkup","Yanov-Stan","Kureika","Turukhansk","Bolshoy Porog","Uchami","Babkino","Nidym","Tura","Kislokan","Inarigda","?","?","?","?","Chernyshevskiy","Mirny","Suntar","Elgyay","Verkhnevilyuysk","Tyukanskoye","Khampa","Sangar","^","^","Oymyakon","Ust-Nera","Khonuu","^","Seymchan","Omsukchan","^","Evensk","Manily","Aklansk","Markhovo","Otrozhnyy","^","Anadyr",,,
"Kotlik","Flat","^","^","^","Glennallen","Beaver Creek","Carmacks","^","Fort Norman","Wrigley","?","Lac La Martre","?",,"Yellowknife","Fort Reliance","?","?",,"?","?","?","Whale Cove",,,"?",,"?",,"Sugluk","Deception Bay",,,,,,,,,,,"Hvalsey","Herjolfsnes",,,,,,,,,,,,,"Inbhir Nis",,,,,,,,,"Stavanger","Oddernes","Skien",,"Borg",,"Örebro","Västerås","Birka",,,"Åbo","Helsingfors","Borgå","Kotka","Viipuri","Kexholm",,"Petrozavodsk",,"Pudoga","Plesetsk","Kholmogory","Bereznik","Verkhnyaya Toyma","Krasnoborsk","Yarensk","Knyashpogost","Chibyu","Izhma","Pechora","?","^","?","Beryozovo","Polnovat","Beloyarsky","?","Noyabrsk","Tarko-Sale","Chaselka","?","?","?","Tolka","?","Zyryanovo","Noginsk","?","Ust-Kamo","?","?","Khamakar","Nakanno","?","?","?","Peleduy","Mukhtuya","Mukhtuya","?","Olyokminsk","?","?","Karaulny Mys","Yakutsk","Churapcha","Khandyga","^","^","^","Susuman","^","^",,"Evensk",,"Kamenskoye","Pakhachi","^",,,,,"Hooper Bay"
"Bethel","Dillingham","^","Anchorage","Valdez","^","Haines","Whitehorse","Tungsten","^","Fort Simpson","?","Fort Providence",,,,"Snowdrift","?","?","?","?","?","Tavani",,,,,,,,"Povungnituk","Kangiqsujuaq","Bellin",,"^",,,,,,,,,,,,,,,,,,,,,"Steòrnabhagh","Sruighlea","Obar Dheathain",,,,,,,,,,,,"Lödöse","Skara",,"Norrköping",,,,,,,,,"Orekhov",,"Olonets","Vytegra","Beloozero","Kargopol","Velsk","Shenkursk","Gleden","Kotlas","Koryazhma","Ust-Sysolsk","Ust-Kulom","Troitsko-Pechorsk","Ust-Ilych","^","?","Pelym","Nyagan'","?","Samarovo","Poykovsky","Nefteyugansk","Surgut","Megion","?","?","Pylkaramo","Ratta","Vorogovo","Yartsevo","Yeniseysk","Severo-Yeniseysky","?","Baykit","Tunguska","Vanavara","Chemdal","Yerbogachyon","?","?","Vitim","?","?","?","Olyokminsk","?","?","Tommot","Yakutsk","Amga-Sloboda","Ust-Maya","Eldikan","Okhotsk","Okhotsk","Magadan","Magadan","Brokhovo",,,,"Tilichiki",,,,,,,
,"^",,"Kenai",,,"^","^","Atlin","Watson Lake","Fort Liard","Jean Marie River","Kakisa","Hay River","Fort Resolution","Thebacha","Uranium City","Fond-du-Lac","?","?","Ennadai","Padlei","Eskimo Point",,,,,,,"Inukjuak","Sititalik","?","Payne Bay",,"Fort Severight",,,,,,,,,,,,,,,,,,,,,,"^","Dùn Èideann",,,,,,,,,,"Aalborg",,,"Helsingborg","Jönköping","Kalmar",,"Wi",,,"Kuressaare","Tallinn","Narva","Yam","Khotchino","Ladoga","Soltsy","Tikhvin","Cherepovets","Kirillov","Vologda","Totma","Nikolsk","Luza","Oparino","Vizinga","Koygorodok","Kosa","Solikamsk","^","Nadezhdinsk","Pelym","Uray","?","?","?","?","?","?","Nizhnevartovsk","?","?","Vanzhilkynak","Kilukvinka","?","Yeniseysk","Yeniseysk","?","?","?","Rudnogorsk","Kirensk","Kirensk","Gorno-Chuysky","?","?","Bodaybo","Perevoz","?","^","^","^","Aldan","^","?","Nelkan","^","Okhotsk",,,,,,,"Palana","Ossora",,,,,,,
"Unalaska",,,,,,"^","Juneau","^","^","Fort Nelson","Kahntah","Rainbow Lake","High Level","Fort Chipewyan",,,"Black Lake","Wollaston Lake","Lac Brochet","Tadoule Lake","?","Churchill",,,,,,,,"Umiujaq","?","Tasiujaq","Fort Chimo","Fort Chimo","Nain",,,,,,,,,,,,,,,,,,,,,"Dùn Breatann","Newcastle",,,,,,,,,"Viborg","Aarhus",,,"Lund","Ronneby",,,,,,,"Perona","Tartu",,"Pleskov","Novgorod","Novgorod","Spas-na-Kholmu","Ust-Sheksna","Yaroslavl","Kostroma","Galich","Manturovo","Yaransk","Kotelnich","Khlynov","Glazov","Kudymkar","Berezniki","^","Verkhoturye","Alapayevsk","?","?","Tobolsk","?","?","Novy Vasyugan","?","?","?","Kolpashevo","Molchanovo","Bely Yar","Sukhanovo","Lesosibirsk","Maklakovo","Motygino","Boguchany","Ilimsk","Novaya Igirma","Ust-Kut","Severobaykal'sk","^","Novy Uoyan","Taksimo","^","?","^","Khani","^","Neryungri","^","?","^","^","Ayan",,,,,,,,"Tigil","^","Ust-Primorsky",,,,,,"^"
,,,,,,,"^","Dease Lake","^","Fort St. John","^","Peace River","Slave Lake","Wabasca","Fort McMurray","La Loche","Patuanak",,"Lynn Lake","Thompson","Split Lake","Gillam","?",,,,,,,"Jiaviniup Narsanga","?","Fort Mackenzie","Schefferville","Schefferville","Hopedale","Makkovik",,,,,,,,,,,,,,,,,"Daire","Béal Feirste",,,"Lancaster","York",,,,,,,,"Ribe",,"Roskilde",,,,,,,,"Liepaja","Jelgava","Riga","Rêzekne","Ostrov","Luki","Toropets","Rzhev","Tver","Uglich","Rostov","Suzdal","Ivanovo","Nizhny Novgorod","Bor","Tsaryovokokshaysk","Ust-Cheptsa","Izhevsk","Votkinsk","Perm","Vasilyevko","Nizhny Tagil","Irbit","Turinsk","Tyumen","Golyshmanovo","?","Tara","?","?","?","?","Kolyvan","Tomsk","Mariinsk","Bogotol","Achinsk","Krasnoyarsk","Kansk","Tayshet","Bratsk","Ilimsk","Zhigalovo","^",,"^","Bagdarin","^","^","Chara","Tupik","?","Tynda","?","Zeya","?","Chumikan",,,,,"Ako",,,,"Sobolevo","Klyuchi","^",,,,,,
,,,,,,,"^","Terrace","Smithers","^","Tumbler Ridge","Grande Prairie","Whitecourt","Athabasca","Cold Lake","Île-à-la-Crosse","La Ronge","Pelican Narrows","Flin Flon","Norway House","Warren Landing","?","York Factory","York Factory","Fort Severn",,,,,"Poste-de-la-Baleine","Sakami","Nitchequon","Labrador City",,"North West River","Happy Valley-Goose Bay","Cartwright",,,,,,,,,,,,,,,"Gaillimh","Sligeach","Baile Átha Cliath",,,"Manchester","Lindon",,,,,,,,"Haithabu",,,,,,,"Putzig",,,"Medvegalis","Siauliai","Panevezys","Dvinsk","Polotsk","Vitebsk","Smolensk","Vyazma","Klin","Moskva","Kolomna","Vladimir","Murom","Arzamas","Cheboksary","Zelenodolsk","Kazan","Sarapul","Birsk","Kungur","Polevskoy","Yekaterinburg","Kamensky Zavod","Talitsa","Yalutorovsk","Ishim","Tyukalinsk","Bolsherechye","Gor'kovskoye","Tatarsk","Kainsk","Chulym","Novonikolayevsk","Bolotnoye","Kemerovo","Uzhur","Nazarovo","Balakhta","Artyomovsk","^","Nizhneudinsk","Cheremkhovo","Ust-Ordynskiy","Yelantsy",,"Kurumkan","^","?","Verkh-Usugli","Verkh-Usugli","Mogocha","Rukhlovo","Albazin","Magdagachi","?","?","^","Chumikan","Mnogovershinny","Nikolayevsk-na-Amure",,"Esutoru",,,,"Ust-Bolsheretsk","^",,,,,,,
,,,,,,,"Prince Rupert","^","Vanderhoof","Prince George","^","Hinton","Edson","Edmonton","Lloydminster","Prince Albert","Melfort","Nipawin","The Pas",,"Berens River","?","?","?","Fort Severn","Winisk","Attawapiskat",,"Fort George","Radisson",,"Nitchequon","Labrador City","Churchill Falls","Happy Valley-Goose Bay","Lourdes-de-Blanc-Sablon","L'Anse-au-Loup",,,,,,,,,,,,,,,,"Luimneach","Loch Garman",,"Liverpool","Coventry","Cambridge","Norwich",,,"Amsterdam","Groningen","Oldenburg","Bremen","Hamburg","Lübeck","Rostock","Stralsund","Stettin","Kolberg","Stolp","Danzig","Marienburg","Elbing","Königsberg","Kaunas","Vilnius","Lida","Minsk","Mogilev","Roslavl","Lyudinovo","Kaluga","Tula","Pereslavl","Gorodets","Sasovo","Sarov","Atemar","Simbirsk","Melekess","Naberezhnye Chelny","Bugulma","Tura-Tau","Zlatoust","Miass","Chelyabinsk","Shadrinsk","Tsaryovo Gorodishche","Petropavlovskoye","Isilkul","Omsk","Kalachinsk","Kupino","Barabinsk","Ob","Novonikolayevsk","Toguchin","Kolchugino","Kuznetsk","Abakansk","Minusinsk","Turan","Toora-Khem","Kyren","Usolye","Irkutsk",,,"Ust-Barguzin","Barguzin","Chita","Aginskoye","Nerchinsk","?","?","Mohe","?","Pyora","Svobodny","?","Chegdomyn","Permskoye","Vanino",,"Maoka","Otomari",,,,"Petropavlovsk",,,,,,,
,,,,,,,,"^","Kamloops","^","Revelstoke","Golden","Rocky Mountain House","Red Deer","North Battleford","Saskatoon","Humboldt","Yorkton","Dauphin",,"Fort Maurepas","Pikangikum","Pickle Lake","Sandy Lake","Webequie","?","Fort Albany",,"Eastmain","Nemiscau","Mistissini","Mistissini","Tadoussac","Baie-Comeau","Sept-Îles","Tête-à-la-Baleine",,"St. Anthony",,,,,,,,,,,,,,"Tráigh Lí","Corcaigh",,,"Cardiff","Oxford","London","Ipswich",,,"Amsterdam","Utrecht","Enschede","Münster","Verden","Lüneburg","Mecklenburg","Schwerin","Berlin","Santok","Gniezno","Bydgoszcz","Torun","Plock","Holstin","Bialystok","Grodno","Baranovichi","Bobruysk","Gomel","Klintsy","Bryansk","Oryol","Yelets","Lipetsk","Tambov","Morsha","Rtishchevo","Penza","Truyovo","Syzran","Samara","Buzulukskaya","Sterlitamak","^","Magnitogorsk","Troitsk","Nikolayevsk","Volodarskoye","Kokchetav","Shchuchye","Stepnogorsk","Ertis","Qashyr","Slavgorod","Kamen","Suzun","Barnaul","Biysk","Tashtagol","Abaza","^","Belotsarsk","Saryg-Sep","^","Slyudyanka",,,"Kabansk","Verkhneudinsk","Khilok","Duldurga","Nerchinsk","Borzya","?","Genhe","Huma","Aihun","Blagoveshchensk","Alexandrovskoye","Zavitinsk","Chekunda","Amursk","Imperatorskaya Gavan",,"Toyohama",,,,,,,,,,,,
,,,,,,"Nanaimo",,"Vancouver","^","Kelowna","^","^","Banff","Calgary","Medicine Hat","Swift Current","Regina","Brandon","Portage la Prairie","Winnipeg","Kenora","Dryden","Nipigon","Peninsula","Hearst","Cochrane","Moosonee","Moose Factory","Fort Charles","Chapais","Chibougamau","Jonquière","Chicoutimi",,,,,"Corner Brook","Cuper's Cove",,,,,,,,,,,,,,,,,"Bristol","Winchester","Portsmouth",,,"Den Haag","Rotterdam","Nijmegen","Duisburg","Dortmund","Paderborn","Goslar","Magdeburg","Brandenburg","Cottbus","Zielona Góra","Poznan","Kalisz","Wloclawek","Lódz","Warszawa","Drohiczyn","Brest-Litovsk","Pinsk","Mozyr","Chernihiv","Romny","Sumy","Kursk","Oskol","Voronezh","Uryupinsk","Borisoglebsk","Balashov","Saratov","Balakovo","Mechetnaya","Yaitsk","Sorochinskaya","Orenburg","^","Orsk","Zhitikara","Rudny","Esil","Atbasar","Bozok","Yereymentau","Ekibastuz","Yermak","Pavlodar","Rubtsovsk","Zmeinogorsk","Ridder","^","Ulala","^",,"Tes","^",,"Slyudyanka","Baykalsk","Tankhoy","Selenginsk","Galuuta Nuur","^","Mangut","Bayan Tümen",,"Manjuur","Qayilar","Xuguit","Zhunaji","Mergen","Jiayin","Raychikhinsk","Birobidzhan","Khabarovsk","^",,,,,,,,,,,,,,
,,,,,,,"Victoria",,"Bellingham","Wenatchee","Spokane","^","Cranbrook","Lethbridge","Taber","Shaunavon","Weyburn","Morden","Winkler","Steinbach","Fort Frances","Fort William",,"Wawa","Chapleau","Timmins","Iroquois Falls","Rouyn-Noranda","Val d'Or","Mont-Laurier","Saint-Jérôme","Shawinigan","Québec","Rimouski","Gaspé",,,"Stephenville","Ship Cove","St. John's",,,,,,,,,,,,,,,"Plymouth",,,,,"Calais","Amiens","Ghent","Bruxelles","Aachen","Köln","Kassel","Erfurt","Halle","Leipzig","Dresden","Legnica","Wroclaw","Opole","Czestochowa","Sandomierz","Lublin","Lviv","Lutsk","Rivne","Zhitomir","Kyiv","Lubny","Poltava","Kharkiv","Belgorod","Valuyki","Rossosh","Mikhaylovka","Kotovo","Kamyshin","Yershov","Kaztalovka","Peremetnoye","Aksay","Iletskaya Zashchita","Aktyubinsk","Batamshinskiy","Kumkuduk","Turgay","Arkalyk",,"Temirtau","Karaganda",,"Karkaralinsk","Moldary","Semipalatinsk","Ust-Kamenogorsk",,"Kurshim","^","Ulangom","Khovd","Züüngovi","^","^","Khatgal","Ordu Baliq","Kyakhta","Mumo","^","Öndörkhaan","Onon","Bayan Tümen","Tamsagbulag","Yirshi","^","Butha","Bukui","Suihua","Yichun","Suiyin","Tongjiang","Bikin","^",,"Asahikawa","^",,"Kitami",,,,,,,,,
,,,,,,,,,"Seattle","^","^","Kalispell","^","Great Falls","Havre","Wolf Point","Williston","Minot","Grand Forks","Bemidji","Duluth",,,,"Sault Sainte-Marie","Sudbury","North Bay","Ville-Marie","Petawawa","Gatineau","Montréal","Trois-Rivières","Saint-Joseph-de-Beauce","Fredericton","Moncton",,,,,,,,,,,,,,,,,,,,,,,"Cherbourg","Caen","Rouen","Beauvais","Rheims","Luxembourg","Trier","Mainz","Frankfurt","Würzburg","Nürnberg","Plzen","Praha","Brno","Ostrava","Katowice","Kraków","Tarnów","Rzeszów","Stanislaviv","Tarnopol","Kamianets","Vinnytsia","Uman","Cherkasy","Kakhovka","Yekaterinoslav","Oleksandrivsk","Makiivka","Luhansk","Millerovo","Tsaritsyn","Volzhsky","Zhanibek","Zhangala","Inderborskiy","Miyaly","Sagiz","Kandyagash","Chelkar","?","?","Dzhezkazgan","Dzhezkazgan","Temirtau","Moyynty","Balkhash","Sayaq","Aktogay","Sergiopol'","Aksuat","^","Zaysan","Altay","^","^","?","Uliastai","Mörön","^","Tsetserleg","Qara Qorum","Erdenet","Ikh Khüree","Öndörkhaan","Baruun-Urt","Baruun-Urt","?","Hoolingol","Wangyemiao","Chengsijiazi","Daqing","Harbin","Sanxing","Giyamusi",,"Tetyukhe",,,,"Sapporo","Kushiro",,,,,,,,,,
,,,,,,,,"Tacoma","Yakima","Pasco","^","Missoula","^","Helena","Roundup","Miles City","Dickinson","Bismarck","Fargo","St Cloud","Superior","Ashland","Marquette","Saulte Sainte-Marie",,,"Toronto","Oshawa","Kingston","Ottawa","Saint-Jean-sur-Richelieu","Sherbrooke","Augusta","Saint John",,"Charlottetown","Sydney, Nova Scotia",,,,,,,,,,,,,,,,,,,"Brest","Vannes","Rennes","Le Mans","Chartres","Paris","Troyes","Nancy","Strasbourg","Freiburg","Stuttgart","Ulm","Regensburg","Passau","Ceské Budejovice","Presporok","Nitra","^","Kosice","^","^","^","Chernivtsi","Orhei","Dubasari","Odesa","Mykolaiv","Oleshky","Mariupol","Taganrog","Cherkassk","Alexandro-Grushevskaya","Kalach","Svetly Yar","Akhtuba","Kharabali","Ganyushkino","Guryev","Makat","Shalkar","Shalkar","Aral'sk","Aral'sk","?","Dzhezkazgan","?","?","Saryshaghan",,,,"Qayalyq",,"Qoqak","Qaramay","Fukang","Beshbalik","Gucheng","^","^","Bayanbulag","Bayankhongor","?","?","?","Mandalgov","Choir","?","?","Beizimiao","Shangjing","Zhelimu","Changling","Boduna","Zhuhe","Ningguta","Jixi","Ussuriysk","Vladivostok",,,,"Hakodate",,,,,,,,,,,
,,,,,,,,"Olympia","^","Kennewick","Lewiston","^","Butte","Bozeman","Billings","Broadus","Pierre","Chamberlain","Sioux Falls","Minneapolis","Eau Claire","Green Bay",,"Saginaw",,"Pahkatequayang","Mississauga",,,"Syracuse","Burlington","Concord","Portland",,,"Halifax",,,,,,,,,,,,,,,,,,,,,,"Nantes","Angers","Tours","Orléans","Vézelay","Dijon","Besançon","Bern","Zürich","Augsburg","Freising","Salzburg","Linz","Wien","Wien","Buda","Pest","Debrecen","Cluj","Sighisoara","^","Iasi","Tyras",,,"Eupatoria",,,"Azov","Armyansky aul","Stavropol","Elista","Yashkul","Astrakhan",,,"Kul'sary","Jasliq",,,"Yangikent","Jand","Sig'noq","?","?","Moiynqum",,"Gorguz","Iki-Oguz","Ilanbaliq","Almaliq","^","Jambaliq","Luntai","^","?","Cumuda","Cumuda","?","?","?","?","?","?","Sainshand","Dzamiin Üüde","Kangbao","Yingchang","Shangjing","Zhelimu","Siping","Changchun","Jilin","Yanji","Gyeongseong",,,,,,,"Aomori",,,,,,,,,,
,,,,,,,,"Neerchokikoo","Bend","Baker City","^","^","^","West Yellowstone","Sheridan","Douglas","Rapid City","Norfolk","Sioux City","Cedar Rapids","Dubuque","Milwaukee",,"Grand Rapids","Detroit",,,"Buffalo","Rochester","Albany","Springfield","Boston",,,,,,,,,,,,,,,,,,,,,,,,,,,"Roscella","Poitiers","Bourges","Nevers","Chalon-sur-Saône","Genève","^","^","^","^","^","Klagenfurt","Graz","Székesfehérvár","Pécs","Szeged","Timisoara","Alba Iulia","^","Galati","Chilia",,,,"Khersonesos","Pantikapaion",,"Tmutarakan","Sochi","Pyatigorsk","Groznaya","Kizlyar",,,,"Beineu","Jasliq",,,"Juvara","Jand","Sig'noq","Sozaq","?","Taraz","Orduqent","Talkhiz","Shelek","^","^","Ghulja","^","^","Yarghol","Qocho","?","Jiayuguan","Jiayuguan","Khara-Khoto","?","?","?","?","Guihua","Jining","Zhangjiakou","Kaiping","Chifeng","Liucheng","Houcheng","Fushun","Ji'an","^","Seongjin",,,,,,,"Akita","Morioka",,,,,,,,,
,,,,,,,"Medford","Eugene","^","^","Boise","Idaho Falls","^","^","Casper","Cheyenne","North Platte","Grand Island","Omaha","Des Moines","Davenport","Chicago","Gary","Fort Wayne","Toledo","Cleveland","Erie","Jamestown","Scranton","Paterson","Hartford","Providence",,,,,,,,,,,,,,,,,,,,,,,,,,,"Xaintes","Angoulême","Limoges","Clermont","Lyon","^","Augusta Taurinorum","Mediolanum","Brixia","Verona","Padua","Aquileia","Ljubljana","Zagreb","Osijek","Beograd","^","Târgovishte","Bucuresti","Constanta",,,,,,,,,"^","^","Ordzhonikidze","Tarki",,,"Fort-Aleksandrovskiy","Shetpe","Oqsho'laq","Madminiya","Baratakin","Shimbay","Uchkuduk","Sauran","Farab","Sayrom","^","Balasagun",,"^","^","^","^","^","Qarasheher","Yarghol","Qocho","Anxi","Yumen","Jiayuguan","Khara-Khoto","?","Bayannur","Bayannur","Jiuyuan","Guihua","Shanwu","Xuanhua","Yongning","Rehe","Tuhe","Liaoyang","Yizhou","Uiju","Hamheung",,,,,,,,"Yamagata","Sendai",,,,,,,,,
,,,,,,,"Redding","^","Reno","Winnemucca","Elko",,"^","Rock Springs","^","Fort Collins","Sterling","Lincoln","Nebraska City","St Joseph","Hannibal","Quincy","Bloomington","Indiananapolis","Dayton","Columbus","Akron","Pittsburgh","Allentown","Newark","New York",,,,,,,,,,,,,,,,,,,,,,,,,,,,"Bordeaux","Périgueux","Cahors","Albi","Avignon","Grenoble","Nice","Genua","Parma","Bononia","Venezia",,"Pula","^","Sarajevo","Ras","Vidin","Pleven","Tarnovo","Varna",,,,,,,,,,"Sukhumi","^","Derbent",,,,"Aktau","Elobod","Urganch","Kerder","Kath","Zarafshan","Jizzakh","Binkath","^","Akhsikath","^","^","^","Aksu","?","Kuchar","Arshi","Korla","Kroran","?","Dunhuang","Yumen","Fulu","Ganzhou","Bayanhot","Shizuizi","Bayannur","Jiuyuan","Tongwan","Mayi","Pingcheng","Jicheng","Zunhua",,"Sanshan",,"Pyeongyang","Wonsan",,,,,,,,"Niigata","Fukushima",,,,,,,,,
,,,,,,,"Santa Rosa","Sacramento","^","Carson City","Ely","West Valley City","Salt Lake City","Grand Junction","^","Denver","McCook","Salina","Topeka","Kansas City","Columbia","Hannibal","Decatur","Evansville","Cincinnati","Huntington","Parkersburg","Morgantown","Philadelphia","Atlantic City",,,,,,,,,,,,,,,,,,,,,,,,,,,,,"Bayonne","Pau","Toulouse","Carcassonne","Arles","Marseille",,,"Florentia","Arretium","Ariminum",,,"Split","^","Skopje","Nis","Sofia","Plovdiv","Adrianople","Byzantium",,,"Amastris","Sinope","Amisos",,,,"Poti","Mtskheta","^","Quba",,,,"Gyzylgaya","Ruzvand","Xiva","Hazarasp","Karmana","Samarqand","Uroteppa","Khujand","Mavarannahr","^","Kashgar","Uchturpan","Bachu","Kuchar","Kuchar","Yuli","Charklik",,"Miran","^","^","^","Ganzhou","Bayanhot","Fuping","^","Wuhai","Yulin","Daixian","Xiadu","Tianjin",,,,,"Haeju","Songdo","Gangneung",,,,,,"Kanazawa","Nagano","Mito",,,,,,,,,
,,,,,,,"San Francisco","Stockton","^","Hawthorne","Area 51","^","Provo","^","^","Colorado Springs","Colby","Hays","Emporia","Joplin","Jefferson City","St. Louis","Marion","Bowling Green","Louisville","Lexington","^","Charlottesville","Washington",,,,,,,,,,,,,,,,,,,,,,,,,"La Coruña","Lugo","Oviedo","Santander","Bilbao","^","^","^","Perpignan",,,,,"Populonium","Perusia","Ancona",,,,"Dubrovnik","Tirana","Pella","Amphipolis","Abdera",,,"Astakos","Herakleia","Angyra","Taouion","Amasia","^","Trapezous","Trapezous","^","Kumayri","Qabala","Baku",,,"Qyzyl-Su","Balkanabat","Parau","Darghan","Bukhoro","Nasaf","Kesh","^","^","^","^","Yarkant","Khotan","Khotan","Cadota","Saca","Qarqan","^","^","Nagormo","Gterlenkha","^","^","^","Liangzhou","Zhongwei","Lingzhou","Dingbian","Yan'an","Jinyang","Handan","Cangzhou","Pugu",,"Penglai",,,"Hanseong","Chunju","Samcheok",,,,"Tottori","Echizen","^","Edo",,,,,,,,,
,,,,,,,"San Jose","San Luis Obispo","Fresno","^","Las Vegas","St. George","^","Farmington","^","Pueblo","Garden City","Dodge City","Wichita","Tulsa","Poplar Bluff","Cape Girardeau","Paducah","Nashville","Knoxville","^","Raleigh","Richmond","Virginia Beach",,,,,,,,,,,,,,,,,,,,,,,,,"Santiago de Compostela","Orense","León","Burgos","Logroño","Pamplona","Huesca","Llerida","Barcelona",,,"Aleria",,,"Roma","Corfinium","Canosium",,,,"Epidamnos","^",,,,"Ilion","Nikaia","Dorylaion","Gordion","Garsaura","Mazaka","Komana","^","^","Tushpa","Artashat",,"Ardabil",,,"Gurgan","Buzanjird","Nisa","Merv","Amul","Zamm","Termiz","Hulbuk","Taloqan","^","^","Qaghiliq","Khotan","Wumi","Ronglu","^","^","^","Yuegai","^","Gterlenkha","Gterlenkha",,"Linqiang","Jincheng","^","Yiqu","Xianyang","Yaozhou","Pingyang","Yin","Lixia","Linzi","Jimo",,,,"Jeonju","Daegu","Seorabeol",,"Izumo","Okayama","Heian-kyou","Osaka","Nagoya",,,,,,,,,,
,,,,,,,,"Santa Barbara","Bakersfield","Palm Springs","Lake Havasu City","Flagstaff","^","^","Santa Fé","Trinidad","Amarillo","Elk City","Oklahoma City","Fort Smith","Jonesboro","Memphis","Tupelo","Birmingham","Atlanta","Charlotte","Columbia","Wilmington",,,,,,,,,,,,,,,,,,,,,,,,,,"Porto","Viseu","Salamanca","Madrid","Calatayud","Zaragoza","Tortosa","Tarragona",,,,,"Olbia",,,"Capua","Neapolis","Beneventum","Tarentum",,"Apollonia","Larissa",,,,"Ephesos","Sardis","Antiokheia tes Pisidias","Ikonion","Thoana","^","^","Milid","Amida",,"^","Gazaka","^","Rasht","Zadracarta","^","^","Asaak","Sarakhs","Maymana","Shaporgan","Bactra","Kunduz","^","^","Varshadeh","^","^","^","^","^","^","Jiajiboluoge","^","^","^","^","Rmachen","Rebgong","^","Tianshui","^","Chang'an","Shangyang","Luoyang","Aodu","Daliang","Qufu","Pengcheng","Yancheng",,,"Gwangju","Jinju",,,"Hiroshima",,,"Wakayama",,,,,,,,,,,
,,,,,,,,,"Los Angeles","Riverside","Yuma","Phoenix","^","^","Albuquerque","Clovis","Lubbock","Wichita Falls","Plano","Little Rock","Pine Bluff","Jackson","Meridian","Montgomery","Macon","Savannah","Charleston",,,,,,,,,,,,,,,,,,,,,,,,,,,"Coimbra","Castelo Branco","Ávila","Toledo","Cuenca","Teruel","Valencia",,,"Palma",,,"Caralis",,,,,"Crotona",,,,"Thebai","Athenai",,,,"Halikarnassos","Attaleia","Seleukia","^","Tarsos","Antep","Edessa","Nisibis","Ninua","Arbela",,"Zanjan","^","Rhaga","Komis","Sabzevar","Nishapur","Tus","Bamiyan","Kapisi","^","^","^","Gilgit","^","^","^","^","Ger","^","Tanggula","^","^","^","Amdo","Gyêgumdo","^","^","^","Tanzhang","Nanzheng","Xicheng","Shangluo","Danyang","Yuzhou","Ruyin","Shouchun","Guangling","Wu",,,,,,"Hakata",,"Matsuyama","Takamatsu",,,,,,,,,,,,
,,,,,,,,,,"San Diego","Los Algodones","Puerto Peñasco","Tucsón","Las Cruces","El Paso","Roswell","Midland","Fort Worth","Dallas","Shreveport","Monroe","Baton Rouge","Mobile","Pensacola","Tallahassee","Jacksonville",,,,,,,,,,,,,,,,,,,,,,"Ponta Delgada",,,,,,"Lisboa","Évora","Batalyaws","Qal'at Rabah","Al-Basit","Mursiyya","Cartagena",,,,,,,,,,,"Rhegium",,,"Messene","Mykenai",,,,,,,,,,"Antiokheia","Halab","Sinjar","Kalkhu","Ash-shur","Saneh","^","Hangmatana","Saavikineh","Semnan","Torshiz","Torbat-e Jam","Herat","^","^","Kabul","Pushkalavati","Ranigat","Srinagar","^","^","^","Mtholding","Spuhreng","Kyakyaru","Coqên","Xainza","Dêgên","Nagchu","^","Xangda","^","Rngaba","^","Langzhong","Bazi","^","Danjiangkou","Ying","Suizhou","Huangchuan","Hefei","Moling",,"Qinglong",,,,,"Nagasaki","Kumamoto",,,,,,,,,,,,,,
,,,,,,,,,,"Ensenada",,"Caborca","San José de Imuris","Paquimeh","Ciudad Juárez","Pecos","San Angelo","Austin","Waco","Beaumont","Lafayette","La Nouvelle-Orléans",,,,"Gainesville",,,,,,,,,,,,,,,,,,,,,,,,,,,,"Santa Maria de Faro","Walbah","Ishbiliya","Qurtubah","Garnatah","^",,,,,,,,,,"Panormus","Messana",,,,,"Sparti",,,,,,,,"Salamis",,"Ugarit","Hamath","Nikephorion","Dur-Kurigalzu","Eshnunna","Kirmanshah","^","Nahavand","Kashan","Jandaq","Golshan","Qayen","Farah","^","Ghazni","^","Kohat","Takkasila","Jhelum","Vallapura","^","^","^","^","Smonthang","Lhartse","^",,"Damxung","Lhorong","Khrinkonrdal","Dkarmdzes","^","Chengdu","Anhan","Dangqu","Liweizhou","Baidicheng","Jingzhou","Hanyang","Wuchang","Tongling","Wuhu","Hangzhou",,,,,,,"Kagoshima",,,,,,,,,,,,,,
,,,,,,,,,,"Santa Catalina",,"Pitic","^","Cuauhtémoc","Xicuahua","Piedras Negras","Del Rio","San Antonio","Houston",,,,,,,"Tampa","Orlando",,,,,,,,,,,,,,,,,,,,,,,,,,,,,"Qâdis","Malaqah","Al-Mariyya",,,,"Qart-Tin","Wyksm","Yglgl","Rskd","Pwn","Qart-Hadasht",,,"Syracusae",,,,,,,"Kydonia","Knossos","Praisos",,,"Paphos",,,"Gebal","Kadesh","Mari","Sippar","Agade","Larak","Shapurkhast","^","Spahan","Naeyn","Narin","Birjand","Bost","Kandahar","^","Gardez","Andrapana","Naushera","Eminabad","Sagala","Kangra","Haridvara","^","^","^","^","Bsam'grubrtse","^","Rasa","Drakchi","^","^","Darrtsemdo","Jiading","Neijiang","Dianjiang","Linjiang","Enshi","Langzhou",,"Jiujiang",,"Tunxi","Kuaiji","Mingzhou",,,,,,,,,,,,,,,,,,,,
,,,,,,,,,"Guerrero Negro","Santa Rosalía",,"Na'avojowa","^","Parral","?","Monclova","Laredo","Corpus Christi",,,,,,,,,"Miami",,,,,,,,,,,,,,,,,,,,,,,,,,,,,,,,,"Shigan","Qart-Tin","Kartili","Ashir","Kirthan","^","Tbgg","Adramat",,,,,,,,,,,,,,,,,"Sur","Dimashq","Palmyra","Rapiqum","Barsip","Babilim","Nibbur","Shushan","Shurkutir","Ayapir","Abarkuh","Yazd","Neh","Zranka","Shalkot","^","Jampur","Kashtpur","Sibipura","Lavapuri","Satudardesh","Sthanishvara","Hastinapur","Ahichchhatra","Pokhara","^","^","^","Rgyalrtse","Rtsethang","^","Aalo","^","Jiandu","^","^","Jiangzhou","Fuling","Dayong","Baoqing","Linxiang","Jiancheng","Nanchang","Changnan","Dong'ou","Huipu",,,,,,,,,,,,,,,,,,,,
,,,,,,,,,,"Loreto",,,"Colhuacan","^","Cuencamé","Saltillo","Monterrey","San Juan de los Esteros Hermanos",,,,,,,,,,,"Charles Town",,,,,,,,,,,,,,,,,,,,,,,,,,,,"Tanja","^","Rusaddir","Tlemcen","Mouaskar","^","Gelfa","Tibeskert","Khenchela","Capsa","Meninx",,,,,,,,,,,,,,,,,"Akka","Gerasa","Bosra","Ruwaished","Dilbat","Uruk","Lagash","Durine","Shushan","^","Pathragada","Sirgan","Veh-Ardashir","Zahedan","Khnenta","Sibi","Sukkur","Deogarh","Derawar","Ajodhan","Khokrakot","Dilli","Sambhal","Saketa","Lumbini","Gorkha Dabar","Bhaktapur","^","^","^","^","Ratnapur","Sadiya","^","Lijiang","Bijie","Bozhou","^","Qianzhong","Lingling","Hengzhou","Luling","Nanfeng","Jianyang","Lya",,,,,,"Shuri",,,,,,,,,,,,,,,
,,,,,,,,,,"La Paz de California",,,"Chametla","^","Chalchihuites","Zacatecah","Tamuin","Tampiko",,,,,,,"Pinar del Río","La Habana","Sancti Spíritus",,,,"Cockburn Town",,,,,,,,,,,,,,,,,,,,,,,,,,"Sala","Fizaz","Wudja","^","Chellala","Lbayed","Al-Aghwat","Tuqurt","Al-Wadi","Turris","Takapes","Tsabratan","Oyat","Lpqy",,,,"Euesperides","Kyrene",,,"Per-Wadjet","Djedet",,,,"Yafo","Yerushalayim","Ammon","Qurayyat","Turaif","Iritu","Iritu","Ur","Vahman-Ardashir","Arrajan","Bay-Shapur","Parsa","^","^","Bam","^","Chandka","Aror","Jaisana","Nagaur","Jhunjhunu","Neemrana","Vrindavan","Kampil","Prayagraja","Ghazipur","Vaishali","Pataliputra","Mithila","Mainaguri","Pragjyotishpura","Dimapur","Dibrugarh","^","Mogaung","Taihe","^","Guiyang","Duyun","Guizhou","Hezhou","Leiyang","Qianzhou","Meizhou","Xiamen","Quanzhou",,,"Hobe",,,,,,,,,,,,,,,,,,
,,,,,,,,,,,,,,"Xalixko","Tonallan","Tzintzuntzan","Tollan","Teayo",,,,"Mayapan","Uuc Yabnal",,,,,"Puerto del Príncipe","Santiago de Cuba",,,,,,,,,,,,,,,,,,,,,,,"Funchal",,,,"Amegdul","Merrakec","Aghmat","^","Sijilmasa","Bashar","Arbawet","Tagherdayt","Wargren","Douar El Ma","Tieret","Fumm Tittawin","Nalut","Zintan","Thubactis","Maqom",,,"Adjabiya","Antipyrgos","Amunia","Ra-Kedet","Zau","Iwnw","Per-Ramessu","Tjaru","Al-Qolzum","Gaza","Timna","Sela","Dumatha","Sakakah","Rafha","Hafar al-Batin","Agarum",,,"Ram Ardashir","Darabgerd","Homirzad","Gulashkird","Pahrah","^","Sehvan","Sakrand","Khed","Mandore","Ajayameru","Bairat","Mathura","Kanyakubja","Kaushambi","Kashika","Sahastrarama","Rajagriha","Champa","Gauda","Srihatta","Maibang","Kangla","^","Tagaung","Yingjiang","Yunnan-fu","^","Baise","Yongzhou","Yulin, Guangxi","Gaoyao","Heyuan","Nantou","Chaozhou",,,"Taioan","Dadun",,,,,,,,,,,,,,,,,,
"Lihu'e",,,,,,,,,,,,,,"Cihuatlan","^","Calixtlahuaca","Tenochtitlan","Tlaxcallán","Cempoalatl",,,"Uxmal","Zama",,,,,,,,"Cap-Français","Santiago de los Caballeros",,,,,,,,,,,,,,,,,,,,,,,,"Tarudant","^","^","Tagmadert","Merzouga","Haresse Lil","Timimoun","Taourirt","Hassi Messaoud","El Borma","Debdeb","Tidamensi","Kabaw","Castra Madensia","Gholaia","Hun","Arae","Automala","Adjabiya","Bi'r bin Ghunayma","Sekht-Am","Yamu","Menefer","Menefer","Per-Atum","Arsinoë",,"^","Elath","Tabuk","Tayma","Ha'il","Uyun Al-Jiwa","Al Artawiyah","Al Jubayl",,,,"Siraf",,"Harmozeia","Tiz","Gwadar","Bela","Thatta","Kahu-Jo-Darro","Anhilwara","Chittor","Bundi","Gvaliyar","Balwantnagar","Kharjuravahaka","Rewa","Gaya","Khukhragarh","Bishnupur","Karnasuvarna","Bikrampur","Mainamati","^","Kalaymyo","Halin","Sampanago","Bu'ri","Yên Bái","Leilou","Chongzuo","Guangzhouwan","Gaozhou","Panyu",,,,,"Takau",,,,,,,,,,,,,,,,,,,
,,"Honolulu",,,,,,,,,,,,,"Coliman","Tlachco","^","Cuauhnahuac","Coixtlahuacan","Lakamha","Chakanputun","Ox Te' Tuun","Lam'an'ain",,,,,"Port Royal",,,"Port-au-Prince","San Juan de la Maguana","Santo Domingo",,"San Juan",,,,,,,,,,,,,,,,,"Las Palmas",,,"Semara","Nul","Tinduf","Oum el Assel","Targala","Tabelbert","Ouled Ahmed Timmi","Tawat","Timokten","Foggaret Ezzoua","?","Bordj Omar Driss","Iilizi","Zinchecra","Germa","Sebha","Elfoqhat","Az-Zallah","Maradah","Awjila","Jalu","Ta-Iht","Shedet","Khemenu","Het-Nesut","Ipu","Saww",,,"Duba","Al-Hijra","Madinah","Ar-Rass","Buraydah","Az Zulfi","Rumah","Al-Qatif",,,,,,,,,"Debal","Paddhargadh","Ashaval","Chandanavati","Ujjain","Sanchi","Suktimati","Tripuri","Ratnapura","Raigarh","Khiching","Tamralipta","Chandraketugarh","Chandrodip",,"Chattogram","Hakha","Pagan","Awa","Luang Prabang","^","Thang Long","Haiphong",,,,,,,,,,,,,,,,,,,,,,,,,,,
,,,,"Hilo",,,,,,,,,,,,,"Tepecuacuilco","Tututepec","Huaxyacac","Pa' Chan","Q'umarkaj","Yax Mutal",,,,,,,,,,,,,,,"Basse-Terre",,,,,,,,,,,,,,,,,"Villa Cisneros","Idjil","Idjil","Bir Moghreïn","Chegga","Taghaza","Taghaza","In Zghmir","Reggane","Aïn Salah","In Amguel","Abalessa","Bordj El Houasse","^","Ghat","Marzuq","Marzuq","Zawila","?","Tazirbu","Tazirbu","Al-Jawf","Pa-Mwt","Hebet","Zawty","Abdju","Waset","Wetjeset-hor","Tao",,,"Yanbu","Al-Qudayd","Afif","Al-Quway'iyah","Hajr","Hajr","Al-Hufuf","Dilmun",,,"Sohar",,,,,,,"Vallabhipur","Khambat","Dhar","Mahismati","Chouragarh","Mandla","Sirpur","Bargarh","Sambalpur","Viraja",,,,"Sittwe","Mrauk U","Beikhtano","^","Chiang Rai","^","Hoa Lu",,,"Qiongzhou",,,,,,,,,,,,,,,,,,,,,,,,,
,,,,"^",,,,,,,,,,,,,,,,,"Kaminaljuyu","^","Oxwitik","Trujillo","Black River",,,,,,,,,,,,,,,,,,,,,,,,,,,,,"Arguin","Azuki","Shinqit","Wadan","Wadan","Tawdenni","Tawdenni","?","Bordj Badji Mokhtar","Timiaouine","In Amguel","Abalessa","^","Janit","?","Tajarhi","Qatrun","Wour","Aozou","Harat Zuwayyah","Ma'tan as-Sarra","Muzui","?","Selima","Bwhen","Abw","Nekhen","Nubt","Shashirît",,,,"Makkah","Zalim","Halaban","Layla","Al-Kharj","Yabrin","Murwab","Sir Bani Yas","Julfar","Tawam","Masqat",,,,,"Dvarka",,"Bharuch","Devagiri","Vatsagulma","Pravarapura","Bramhapuri","Kanker","Bhawanipatna","Puri","Tosali",,,,,"Thandwe","Thayae Khittaya","Taungoo","Chiang Mai","Wiang Chan","Rinan","Ke Van",,,,,,,,"^","Tugegaraw",,,,,,,,,,,,,,,,,,
,,,,,,,,,,,,,,,,,,,,,,"Tazumal","Kuzshkatan",,"Bragman's Bluff",,,,,,,,,,,,"Speightstown",,,,,,,,,,,,,,,,,"Nwakcot","Boutilimit","Ksar el Barka","Tidjikja","Tchit","Arawan","Arawan","Mabruk","Tessalit","Tadmekka","Tin Zaouatine","Gezzam","Arlit","Asode","?","Djado","Dirkou","Bardaï","^","Gouro","Gouro","Ma'tan as-Sarra","?","Selima","Para","Kerma","Per-Selk","Deraheib","Shashirît","Shashirît",,,"Jiddah","Makkah","At-Ta'if","Aqiq Bani Uqayl","Qaryat al-Faw","Al-Yamama","Yabrin","Liwa","Ibri","Nizwa","Sur",,,,,,,"Shurparaka","Junnar","Kalyani","Basar","Suryapuram","Dantewada","Kotpad","Visakhapatnam",,,,,,"Dagon","Hongsawatoi","Thaton","Phitsanulok","Udon Thani","?","Khanthaboury","Kandarpapura",,,,,,,"Bigan","Ibon",,,,,,,,,,,,,,,,,,
,,,,,,,,,,,,,,,,,,,,,,,,"Santiago de los Caballeros de Léon","Bluefields",,,,,"Riohacha",,"Capatárida","Coro",,,,,,,,,,,,,,,,,,,,,"Njurbel","Tukuloor","Aleg","Awdaghost","Walata","Raz El Ma","Tumbutu","Bamba","Tondibi","Talataye","Ménaka","Takedda","Agadez","^","?","Fachi","Bilma","Zouar","Kidirmi","Faya","Ayn Galakka","?","Nukheila","El Atrun","El Atrun","Sakole","Napa","Nuri","Alwa","Oosook",,,,"Bariq","^","Najran","Sharurah","Sharurah","Tarim","Thumrait","Haima","Duqm",,,,,,,,"Rairi","Kolhapur","Manyakheta","Golkonda","Orugallu","Vengipuram","Rajamahendravaram",,,,,,,"Phasem",,"Mywlamyine","Lavapura","Nakhon Ratchasima","Ubon Ratchathani","Champassak","Salavan","Indrapura",,,,,,"Selurong","Lucena",,,,,,,,"Hagåtña",,,,,,,,,,
,,,,,,,,,,,,,,,,,,,,,,,,,"Cartago",,"Ciudad de Panamá",,"Cartagena de Indias","^","Maracaibo","San Ambrosio de Punta de Piedra","Barquisimeto","Caracas","Cumaná","Muturín",,,,,,,,,,,,,,,"Ribeira Grande",,,"Ndeer","Lingeer","Maghama","Diara","Kumbi Saleh","Tondidarou","Korienza","Gossi","Taboye","Ansongo","Andéramboukane","Tahoua","Alkalawa","Zengou","Gure","Gatiga","Beri","Manan","Barak","Koro Toro","Fada","Wadi Hawar","Wadi Kutum","Mellit","Debba","Debba","Korti","Medewi","Medewi","Badi","Missiwa",,,"Jazan","^","San'a","Ataq","Shibam","Tarim","Salalah","Mirbat",,,,,,,,,"Chandrapura","Saundatti","Vijayanagara","Vijayapuri","Amaravathi","Masulipatnam",,,,,,,,,,"Dawei","Ayutthaya","Chonburi","Yasodharapura","Sambor Prei Kuk","Lac Giao","Vijaya",,,,,,,,"Naga",,,,,,,,,,,,,,,,,
,,,,,,,,,,,,,,,,,,,,,,,,,,"San José de David",,"Santa María la Antigua del Darién","Santa Fe de Antioquia","Bucaramanga","Mérida","^","Guanare","Calabozo","Santa Gertrudis de Tigre","San Félix","Anna Regina",,,,,,,,,,,,,,,,,"Ndakaaru","Anyam-Godo","Farabana","Diakaba","Sizani","Diakha","Bandiagara","Hombori","Dori","Gawgaw","Namay","Birnin Kebbi","Katsina","Daura","Birnin N'Gafata","Zamtam",,"Njimi","Kawal","Kalo","Biltine","^","Dar Tama","Uri","Seringet","Ushara","Kerri","Tolkte","Aborepi","Akordat","Manbar",,,,"Zabid","^","Qana","Al-Mukallah","Ash-Shihr",,,,,,,,,,,,"Murdeshwar","Chitradurga","Kadapa","Nellore",,,,,,,,,,,"Phetchaburi",,"Chanthaburi",,"Hariharalaya","Panduranga","Kauthara",,,,,"Puerto Princesa",,"Sugbo",,"Kankabatok",,,,,,,,,,,,,,,,
,,,,,,,,,,,,,,,,,,,,,,,,,,,,"Quibdó","Medellín","Tunja","^","Pore","El Picacho","^","Angostura","^","Bartica","Georgetown",,,,,,,,,,,,,,,,"Karabane","Ndorna","Tambaakundaa","Sediousaba","Ka-ba","Djoboro","Sagan","Kumbi Tenga","Tenkodogo","Bingo","Dosso","Gwandu","Dutsi","Dala","Biram","Kâkâ",,,"Bidderi","Samna","Tajuwa","Geneina","^","Rahad Tendelti","El Obeid","Dewaim","Soba","Soba","Gorgora","Gwandar","Aksum","Dongolo",,,"Ta'izz","Adan",,,,,,,,,,,,,,,"Mangalapuram","Srirangapatna","Talakadu","Mahabalipuram",,,,,,,,,,,"Myeik",,,"Angkor Borei","Vyadhapura","Prey Nokor",,,,,"Brooke's Point",,,,,,,,,,,,,,,,,,,,,
,,,,,"Tabwakea",,,,,,,,,,,,,,,,,,,,,,,"^","Cali","Bogotá","^","San Martín de los Llanos Orientales","Puerto Inírida","San Fernando de Atabapo","^","Santa Elena de Uairén","^","Christianburg","Fort Nassau","Fort Zeelandia","Cayenne",,,,,,,,,,,,,,"Kansala","^","Kurussa","Niani","Sikaso","Sia","Yagbum","Yendi","Jugu","Nikki","Birnin Yawuri","Zazzau","Rano","Bauchi","Dikwa","Makary","Gamtila","Balagi","Mongo","Goz Beïda","Zalingei","Niyala","En Nahu","Kaduqli","Delami","Sinar","Teawa","Yesmala",,"^","Enda Meseqel","Awdal",,,,,,"Suq",,,,,,,,,,,,,"Kallikkottai","Tanjapuri","Kanchipuram",,,,,,,,,,,"Chaiya",,,,"O Keo",,,,,,,,,"Samboangan","Himologan","Butuan",,,"Koror",,,,,,,,,,,,"Majuro",
,,,,,,,,,,,,,,,,,,,,,,,,,,,"San Mateo","Males","^","^","San José del Guaviare","Miraflores","Puerto Colombia","^","^","Forte São Joaquim","Forte São Joaquim","Lethem","Kasuela","Stoelmanseiland","Maripasoula","Amapá",,,,,,,,,,,,,,"Kamabai","Kissidougou","^","Korhogo","Kong","Salaga","Kete Krachi","Sokode","Kana","Ilé-Ifè","Bida","^","Lafia","Yola","Kerawa","Mser","Massenya","Melfi","Am Timan","Ouanda Djallé","Raga","Aweil","Mishra-el-Rek","Fashoda","Er Roseires","Asosa","Bahir Giyorgis","^","Roha","Wasal","Daggar","Barbara","^","Boosaaso",,,,,,,,,,,,,,,,"Desinganadu","Madurai",,,,,,,,,,,,"Thalang","Tambralinga",,,,,,,,"Api-Api",,,"Bauang",,"Dabaw",,,,,,,,,,,"Kapingamarangi","Nan Madol",,,,,
,,,,,,,,,,,,,,,,,,,,,"El Progresso",,,,,"Jocay","Qitu","^","^","Florencia","Mitú","São Gabriel da Cachoeira","São Gabriel da Cachoeira","Santa Isabel do Rio Negro","Barcelos","Caracaraí","Caracaraí","Oximiná","Óbidos","Monte Alegre","Santana","Macapá","Breves",,,,,,,,,,,,,,"Gawulun","Gbezohn","^","Gbèkèkro","Kumasi","Keta","Hulagan","Glexwé","Èkó","Benin","Igbo-Ukwu","Wukari","Kwararafa","Ngaoukor","Pala","Moundou","Sarh","N'Délé","Bria","Bayyu","Wau","Rumbek","Yirol","Sobat","Gore","Malbarde","Barara","Walale","Gey","^","Maduuna","Qardho","Xaafuun",,,,,,,,,,,,,,,,,"Vizhinjam",,"Yapanaya",,,,,,,,,,,"Kedah","Terengganu",,,,,,"Vijayapura","^","Sandakan",,,,,,,,,,,,,,,,,,,,,
,,,,,,,,,,,,,,,,,,,,,,,,,,"Ingapirka","^","^","San Antonio de la Coca","San Lorenzo de los Tibilos","Leticia","São Gabriel da Cachoeira","Santa Isabel do Rio Negro","Santa Isabel do Rio Negro","Barcelos","Barcelos","Itapiranga","Oximiná","Óbidos","Monte Alegre","Almeirim","Arucará","Belém","Castanhal","São Luís",,,,,,,,,,,,,"Barrobo","Gbogré-Djigbi","Krindjabo","Oguaa","Nkran",,,,"Warri","Arochukwu","Akwa Akpa","^","Fumban","Meiganga","Bouar","Krébédjé","Bambari","Bängâsu","Zemio","Burekiwe","Yei","Gondokoro","Bor, Sudan","Bonga","Hirmata","^","^","Imi","Degehabur","Gaalkacyo","Eyl",,,,,,,,,,,,,,,,,,,,"Anuratapuram","Jananathapuram",,,,,,"Lamuri","Kota Lhokseumawe",,,"Gangga Negara","Pekan",,,,,"Marudi","^","Tawau",,,,,,,,,,,,,,,,,,,,,,"Tarawa"
,,,,,,,,,,,,,,,,,,,,,,,,,,,"Tumipampa","^","Bagua Grande","Yurimaguas","Iquitos","Tabatinga","Jutaí","Tefé","Maraã","Manacapuru","São José do Rio Negro","Serpa","Parintins","Santarém","Altamira","Alcobaça","Mocajuba","Paragominas","Santa Inês","Parnaíba","Forte São Sebastião","Mossoró",,,,,,,,,,,,,,,,,,,,,"Duala","Ongola","Bertua","Bangi","Bokuda","Upoto","Bumba","Buta","Isiro","Aru","Gulu","Masindi","Kelem",,"Marsabet","Wajeer","Mandheera","Qalaafe","Mareeg","Hobyo",,,,,,,,,,,,,,,,,,,,"Gimhathitha","Senkadagala",,,,,,,"^","Medan",,,"Singapura",,,"Sambas","Santubong","^","^","Kutai",,,"Suwawa","Manado",,"Ternate",,,,,,,,"Lorengau",,,,,,,,
,,,,,,,,,,,,,,,,,,,,,,,,,,"Tumpis","Tukumi","^","^","Tarapoto","Benjamin Constant","Tabatinga","Jutaí","Tefé","Coari","Manicoré","Borba","Maués","Itaituba","Altamira","Altamira","Marabá","São Vicente do Araguaia","Imperatriz","Caxias","Vila do Poti","Crato","Campina Grande","Natal",,,,,,,,,,,,,,,,,,"Santa Isabel",,"Mang","Angone","Makoku","Impfondo","Makanza","Basankusu","Isangi","Kisangani","Butembo","^",,"Lubaga","^","Mumias","Nakuru","Gaarrisa","Bardhere","Marka","Muqdisho",,,,,,,,,,,,,,,"Malaitivu",,,,,,,,,,,,,,,"Barus","Pannai",,,,,"Sukadana","?","?","Muara Teweh","Balikpapan",,"Palu",,,,,,"Manokwari",,"Biak","Jayapura","Wewak",,,,,,,,,,
,,,,"Fakaofo",,,,,,,,,,,,,,,,,,,,,,,"Chan Chan","Kashamarka","^","Pucallpa","Cruzeiro do Sul","Boca do Acre","Caruari","Lábrea","Lábrea","Humaitá","Apuí","Apuí","Itaituba","Novo Progresso","São Félix do Xingu","Vila da Palma","Porto Real","Porto das Caraíbas","São Raimundo Nonato","Oeiras","Passagem","Caruaru","Recife",,,,,,,,,,,,,,,,,,,,"Sangatanga","Mayumba","Masuku","Mbé","Wangata","Boende","Opala","Riba Riba","Ngoma",,"Nyanza",,,"^","^","Lamu","Kismaayo",,,,,,,,,,,,,,,,,,,,,,,,,,,,,,,,"Pagaruyung","Dharmasraya","Jambi","Jambi",,,,"Ketapang","Pangkalan Bun","Kuta Lingga","Banjarmasih",,"Malangke","Poso",,,"Ambon",,"Wanin","Nabire","^","^","^","Madang",,"Kimbe","Simpson Harbour",,,,,,
,"Funafuti",,,,,,,,,,,,,,,,,,,,,,,,,,"^","Wanakupampa","^","^","Atalaya","Rio Branco","Ingavi","Riberalta","Porto Velho","Porto Velho","Novo Aripuanã","Aripuanã","Juara","Alta Floresta","São Félix do Araguaia","Gurupi","Arraias","Campo Largo","Jacobina","Juazeiro","São Cristóvão","Vila Santa Madalena",,,,,,,,,,,,,,,,,,,,,,"Bwali","Malemba","Nkuna","Bolobo","Dekese","Lodja","Kindu","Rusozi","^","Kitega",,,"Getembe","Olpurapurana","Malindi",,,,,,,,,"L'Établissement du Roi",,,,,,,,,,,,,,,,,,,,,,,,,"^","Bengkulu","Palembang","Pangkalpinang",,,,,,,,"Makassar",,"Butung",,,,,,,"?","Mount Hagen","^","Morobe Harbour",,,,"Luaniua",,,,
,,,,,,,,,,,,,,"Tai Pi",,,,,,,,,,,,,"Manchan","^","Wankayuq","^","Puerto Maldonado","Cobija","Puerto Rico","Rurrenabaque","Guajará-Mirim","Forte Príncipe da Beira","Vila Rondônia","Comodoro","Diamantino","Sinop","Araguaiana","São Miguel do Araguaia","São José do Tocantins","Carinhanha","Caetité","Feira de Santana","São Salvador da Bahia",,,,,,,,,,,,,,,,,,,,,,,,"Mpinda","M'banza-Nsundi","Okango","Ilebo","Nsheng","Nyangwe","Bomani",,"^","Mwanza","Unyanyembe","^","Mombasa",,,,,,,,,,,,,,,,,,,,,,,,,,,,,,,,,,,,"^","Baturaja","Menggala",,,,,,,,,,,,,"Run",,"Dobo",,"Merauke","Daru",,"Port Moresby","Samarai",,,,,"Mungiki",,
,,,,,,,,,,,,,,,,,,,,,,,,,,,,"Pachakamaq","^","^","^","^","^","San Borja","Santa Ana del Yacuma","Magdalena","Vilhena","Vila Bela","Vila Maria do Paraguai","Cuiabá","Poxoréu","Vila Boa de Goiás","Brasília","Januária","Montes Claros","Arraial da Conquista","Ilhéus",,,,,,,,,,,,,,,,,,,,,,,,"M'banza-Kongo","M'banza-Ngungu","M'banza-Mbata","M'banza-Mashita","Mpengie","Katende","Kasongo",,"Ujiji","Urambo","Tabora","Arusha","Tanga",,"Zanzibar",,,,,,,,,,,,,,,,,,,,,,,,,,,,,,,,,,,,,,"Sundapura","Pekalongan","Jepara","Kahuripan",,,,"Dompo",,"Kupang",,,,,,,,,,,,,,,,,
,,,,,,,,,,,,,,,,,,,,,,,,,,,,"Inkawasi","Willkawaman","Willkapampa","Qusqu","Raqch'i","^","San Ignacio de Moxos","La Santísima Trinidad","Concepción de Santa Cruz","San Ignacio de Velasco","San Matías","Vila Maria do Paraguai","Cuiabá","Jataí","Goiânia","Caldas Novas","Paracatu","Diamantina","^","Porto Seguro",,,,,,,,,,,,,,,,,,,,,,,,"Mbanza-Bumbe","Mbwila","Yaka","Mwaka Kumbana","Mai Munene","Mwibele","Kiambi",,"Sumbawanga",,"Manyoni","Mpwapwa","Kaole",,,,,,,,,,,,,,,,,,,,,,,,,,,,,,,,,,,,,,,"Banten","Pakuan Pajajaran","^","Yogyakarta","Dahanapura","Banger","Bedulu",,,"Waingapu",,,,,,,,"Thursday Island",,,,,,,,,,
,,,,"Ta'u",,,,,,,,,,,,,,,,,,,,,,,,,"Pukatampu","^","^","Hatunqulla","^","^","^","Santa Rosa del Sara","San Miguel de Velasco","Puerto Quijarro","Corumbá","Coxim","Chapadão do Sul","Rio Verde","Uberaba","Araxá","Vila Rica","^","Vitória",,,,,,,,,,,,,,,,,,,,,,,,"Lwanda","Kabasa","Matamba","Shah-Muteba","Musumba","^",,"Kanyembo","^","Mbande","^","Kalenga","Mzizima","Kilwa",,,,,,,,,,,,,,,,,,,,,,,,,,,,,,,,,,,,,,,,,,,,,,,,,,,"Crocodils Eijlandt","Port Essington",,,"Aurukun",,,,,,,,,"Makata",
,"Lautoka",,,,,,,,,"Taputapuatea",,,,,,,,,,,,,,,,,,,,"Mawk'allaqta","Ariqipaya","^",,"Chuqyapo Marka","^","^","San José de Chiquitos","Puerto Suárez","Miranda","Campo Grande","Três Lagoas","Paranaíba","São José do Rio Preto","Ribeirão Preto","^","Juiz de Fora","Campos",,,,,,,,,,,,,"Jamestown, Saint Helena",,,,,,,,,,,"Kissonde","Halà-Vala","Kasanje","Shinje","Inshindi","Bunkeya","Mwansabombwe",,"Ng'wena","^",,"Songea","Masasi","Lindi",,,,,,,,,,,,,,,,,,,,,,,,,,,,,,,,,,,,,,,,,,,,,,,,"Kalumburu",,"Palmerston","Katherine","Numbulwar",,,"Kowanyama","Cooktown",,,,,,,,,
,,,,,"Alofi",,,,,,,"Tautira",,,,,,,,,,,,,,,,,,,,"Mukiwa","^","Pariya","Q'ochapampa","^","Fortín López de Filippis","Fuerte Borbón","Ponta Porã","Dourados","Nova Andradina","Presidente Prudente","Bauru","Campinas","São José dos Campos","Rio de Janeiro",,,,,,,,,,,,,,,,,,,,,,,,"Ombaka","Nganda-ya-Kawe","^","Bihe","Moshiko","Balovale","Mwinilunga","Ndola","Mpika","Boma","Mzimba",,"Metangula","Lujenda","Mikindani",,,,,,"Diego-Suarez",,,,,,,,,,,,,,,,,,,,,,,,,,,,,,,,,,,,,,,,,"Lombadina","Wyndham","Kununurra","Timber Creek","Mataranka","Ngukurr","Borroloola",,"Karumba","Cairns",,,,,,,"Uvea",,
,,,"Mu'a",,,,,,,,,,,,,,,,,,,,,,,,,,,,,,"Ariaka","^","^","^","Fuerte Boquerón","Villa Occidental","Concepción, Paraguay","Iguatemi","Maringá","Castro","Sorocaba","São Vicente",,,,,,,,,,,,,,,,,,,,,,,,,,"Ndombe","Kalukembe","Kakonda","Chitembo","Kovongo","Mongu","Mankoya","Ing'ombe Ilede","Katete","Maano","Nkhotakota",,"Lichinga","Whampula","Ibo",,,,,"Mahajanga","^",,,,,,,,,,,,,,,,,,,,,,,,,,,,,,,,,,,,,,,,"Broome","Derby","Fitzroy Crossing","Halls Creek","Wave Hill","Daly Waters","Creswell","?","Burketown","Normanton","Ingham","Townsville",,,,,,,"Nouméa",
,,,,,,,,,"Avarua",,,,,,,"Rikitea",,,,,,,,,,,,,,,,,"Tarapaka","Lickan","^","Jujuy","Rivadavia","Vuelta Fermosa","Asunción","Puerto Flor de Lis","Vila Iguassu","Guarapuava","Curitiba",,,,,,,,,,,,,,,,,,,,,,,,,,,"Mossungo-Bitoto","Kaluvango","Ondjiva","Vunonge","Kwito Kwanavale","Sioma","Mwandi","Isamu Pati","Chedzugwe","Zvongombe","Mankhamba","Manthimba","^","Angoci","Mozambique",,,,"Besalampy","Marovoay","Louisbourg",,,,,,"Port Louis",,,,,,,,,,,,,,,,,,,,,,,,,,,,,,,,"Port Hedland","Condon","Marble Bar","Gingerah","?","?","Tanami","Tennant Creek","Avon Downs","Camooweal","Mount Isa","Cloncurry","Charters Towers","Mackay","Rockhampton",,,,,,,
,,,,,,,,,,,,,,,,,,,,"Hanga Roa",,,,,,,,,,,,,"Antofagasti","^","^","Salta","Santiago del Estero","San Fernando","Pilar","Encarnación","Oberá","Lajes","Desterro",,,,,,,,,,,,,,,,,,,,,,,,,,,"Möwebucht","Opuwo","Otavi","Otjivanda","Nkurenkuru","Nokaneng","Luhonono","Bambusi","Dhlo-Dhlo","Ziwa","^","Sena","Quelimane",,,,,,"Maintirano","Alasora","Tamatave",,,,"Saint-Denis",,,,,,,,,,,,,,,,,,,,,,,,,,,,,,,,"Onslow","Dampier","Cossack","?","Telfer","?","?","?","^","Ti-Tree","?","Alpurrurulam","Boulia","Winton","Barcaldine","Emerald","Gladstone","Bundaberg",,,,,,
,,,,,,,,,,,,,,,,,,,,,,,,,,,,,,,,,"Qupayapu","^","Catamarca","Tucumán","Santiago del Estero","San Jerónimo del Rey","Corrientes","Trinchera de San José","São Miguel das Missões","Passo Fundo",,,,,,,,,,,,,,,,,,,,,,,,,,,,,"^","Okahandja","Otjivanda","Tsumkwe","Maun","Kasane","Domboshaba","Khami","Zimbabwe","Manica","Sofala",,,,,,"Andakabe","Fianarantsoa","^",,,,,,,,,,,,,,,,,,,,,,,,,,,,,,,,,,,,,"Coral Bay","Paraburdoo","^","Mount Newman","?","?","?","?","Kintore","Stuart","Anatye","Bedourie","?","?","Charleville","Roma, Queensland","Kingaroy","Hervey Bay",,,,,,
,,,,,,,,,,,,,,,,,,,,,,,,,,,,,,,,,"Qulqi Tampu","^","La Rioja",,"Rafaela","Goya","Concordia","Alegrete","Santa Maria","Porto Alegre",,,,,,,,,,,,,,,,,,,,,,,,,,,,,"Ezorongondo","Otjomuise","Epako","Ghanzi","Kang","Letlhakane","Toutswemogala","Melora","Mapungubwe","Thulamela","Manyikeni",,,,,,"Fiherenana","Ihosy","^",,,,,,,,,,,,,,,,,,,,,,,,,,,,,,,,,,,,,"Carnarvon","Meekatharra","Wiluna","?","?","Warburton","?","?","Docker River","Mutitjulu","Finke","Birdsville","Windorah","Quilpie","Wyandra","Dalby","Toowoomba","Brisbane",,,,,,
,,,,,,,,,,,,,,,,,,,,,,,,,,,,,,,,,"Kanannay","^","San Juan de la Frontera","Córdoba","Santa Fe de la Vera Cruz","Paraná","Salto Oriental","Melo","Pelotas",,,,,,,,,,,,,,,,,,,,,,,,,,,,,,"Nomabeb","Anes","Marienthal","Hukuntsi","Ntsweng","Moshaweng","Kaditshwene","KwaMnyamana","Moxomatsi","Mandlakazi","Inhambane",,,,,,,"Fort-Dauphin",,,,,,,,,,,,,,,,,,,,,,,,,,,,,,,,,,,,,,"Geraldton","Mount Magnet","Leinster","?","?","?","?","?","?","Coober Pedy",,"?","Tibooburra","Thargomindah","Cunnamulla","St. George, Queensland","Warwick","Ballina",,,,,,
,,,,,,,,,,,,,,,,,,,,,,,,,,,,,,,,,"Q'illu Uta","^","Mendoza","San Luis","Rosario","Concepción del Uruguay","Colonia del Sacramento","Montevideo",,,,,,,,,,,,,,,,,,,,,,,,,,,,,,,"Angra Pequena","^","Nu-gouses","Tsabong","Dithakong","Morokweng","Matlwang","Kweneng","Bulawayo","KaMpfumu",,,,,,,,,,,,,,,,,,,,,,,,,,,,,,,,,,,,,,,,,,,,,,"Cervantes","Northam","Merredin","Kalgoorlie","?","?","?","?","?","?","?","Marree","?","Bourke","Walgett","Moree","^","Coffs Harbour",,,,,,
,,,,,,,,,,,,,,,,,,,,,,,,,,,,,,,,,"Mapu Chuco","^","Tunuyán","Las Pugas","Fuerte El Petroso","Buenos Aires",,,,,,,,,,,,,,,,,,,,,,,,,,,,,,,,,,"O'okiep","Bassonsdrif","Griekwastad","Vooruitzigt","Thaba 'Nchu","Thaba Bosiu","^","Port Natal",,,,,,,,,,,,,,,,,,,,,,,,,,,,,,,,,,,,,,,,,,,,,,,,"Perth","Coolgardie","Norseman","Cocklebiddy","Eucla","Nullarbor","Penong","Ceduna","?","?","Hawker","Cockburn","Cobar","Dubbo","Bathurst","Newcastle, New South Wales","Port Macquarie",,,,,,
"Ruapekapeka",,,,,,,,,,,,,,,,,,,,,,,,,,,,,,,,,"^","^","Fuerte San Rafael del Diamante","Santa Rosa del Toey","Azul","San Miguel del Monte","La Plata",,,,,,,,,,,,,,,,,,,,,,,,,,,,,,,,,,"Vanrhynsdorp","Calvinia","Graaff-Reinet","^","^","Queenstown","Umtata",,,,,,,,,,,,,,,,,,,,,,,,,,,,,,,,,,,,,,,,,,,,,,,"Bunbury","Frederick Town","Mary Ann Harbour","Esperance",,,,,"Flinders","Cowell","Whyalla","Port Augusta","Broken Hill","Wagga Wagga","Canberra","^","Sydney",,,,,,,
,"Rangiriri",,,,,,,,,,,,,,,,,,,,,,,,,,,,,,,"Concepción","^","Zapala","Confluencia","Choele Choel","Río Colorado","Bahía Blanca","Mar del Plata",,,,,,,,,,,,,,,,,,,,,,,,,,,,,,,,,"Kaapstad","Swellendam","Oudtshoorn","Plettenbergbaai","Uitenhage","Grahamstown","Port Rex",,,,,,,,,,,,,,,,,,,,,,,,,,,,,,,,,,,,,,,,,,,,,,,,,,,,,,,,,"Port Lincoln",,"Port Pirie","Mildura","Shepparton","Albury","^","Queanbeyan",,,,,,,
,"Rotorua","Gisborne",,,,,,,,,,,,,,,,,,,,,,,,,,,,,,"Fuerte Recabarren","^","Bariloche","Sierra Colorada","Las Grutas","Carmen de Patagones",,,,,,,,,,,,,,,,,,,,,,,,,,,,,,,,,,,,,,,,,,,,,,,,,,,,,,,,,,,,,,,,,,,,,,,,,,,,,,,,,,,,,,,,,,,,,,,,,,,,"Adelaide","Horsham","Bendigo","^","Cooma","Eden",,,,,,,
"Parihaka",,,,,,,,,,,,,,,,,,,,,,,,,,,,,,,,"Valdivia","Puerto Montt","^","Esquel","Rawson",,,,,,,,,,,,,,,,,,,,,,,,,,,,,,,,,,,,,,,,,,,,,,,,,,,,,,,,,,,,,,,,,,,,,,,,,,,,,,,,,,,,,,,,,,,,,,,,,,,,,,"Warrnambool","Ballaarat","Melbourne","Traralgon",,,,,,,,
,"Pôneke",,,,,,,,,,,,,,,,,,,,,,,,,,,,,,,,"^","^","Manantiales","Camarones",,,,,,,,,,,,,,,,,,,,,,,,,,,,,,,,,,,,,,,,,,,,,,,,,,,,,,,,,,,,,,,,,,,,,,,,,,,,,,,,,,,,,,,,,,,,,,,,,,,,,,,,,,,,,,,,,
"Whakatû",,,,,,,,,,,,,,,,,,,,,,,,,,,,,,,,,"^","Coyhaique","Comodoro Rivadavia",,,,,,,,,,,,,,,,,,,,,,,,,,,,,,,,,,,,,,,,,,,,,,,,,,,,,,,,,,,,,,,,,"Port-aux-Français",,,,,,,,,,,,,,,,,,,,,,,,,,,,,,,,,,,,,,,,"Burnie","Launceston",,,,,,,,"Hokitika"
"Kaiapoi",,,,,,,,,,,,,,,,,,,,,,,,,,,,,,,,,,"O'Higgins","Cañadón León","Puerto Deseado",,,,,,,,,,,,,,,,,,,,,,,,,,,,,,,,,,,,,,,,,,,,,,,,,,,,,,,,,,,,,,,,,,,,,,,,,,,,,,,,,,,,,,,,,,,,,,,,,,,,,,,,,"Hobart",,,,,,,,"^"
,,,,,,,,,,,,,,,,,,,,,,,,,,,,,,,,,"^","El Calafate","Río Gallegos",,,,"Stanley",,,,,,,,,,,,,,,,,,,,,,,,,,,,,,,,,,,,,,,,,,,,,,,,,,,,,,,,,,,,,,,,,,,,,,,,,,,,,,,,,,,,,,,,,,,,,,,,,,,,,,,,,,,,,"^","Huriawa"
,,,,,,,,,,,,,,,,,,,,,,,,,,,,,,,,,,"Puerto Natales","Punta Arenas",,,,,,,,,,,,,,,,,,,,,,,,,,,,,,,,,,,,,,,,,,,,,,,,,,,,,,,,,,,,,,,,,,,,,,,,,,,,,,,,,,,,,,,,,,,,,,,,,,,,,,,,,,,,,,,,,"Piopiotahi","Pukekura"
,,,,,,,,,,,,,,,,,,,,,,,,,,,,,,,,,,,"Ushuaia","Rio Grande",,,,,,,,,,,,,"King Edward Point",,,,,,,,,,,,,,,,,,,,,,,,,,,,,,,,,,,,,,,,,,,,,,,,,,,,,,,,,,,,,,,,,,,,,,,,,,,,,,,,,,,,,,,,,,,,,,,,,,,,
,,,,,,,,,,,,,,,,,,,,,,,,,,,,,,,,,,,,,,,,,,,,,,,,,,,,,,,,,,,,,,,,,,,,,,,,,,,,,,,,,,,,,,,,,,,,,,,,,,,,,,,,,,,,,,,,,,,,,,,,,,,,,,,,,,,,,,,,,,,,,,,,,,,,,
,,,,,,,,,,,,,,,,,,,,,,,,,,,,,,,,,,,,,,,,"?",,,,,,,,,,,,,,,,,,,,,,,,,,,,,,,,,,,,,,,,,,,,,,,,,,"?","?","?","?","?","?","?",,,,,,,,,,,,,,,,,,,,,"?","?","?","?","?",,,"?","?",,,,,,,,,,,,,,,,,,,,,,,,
,,,,,,,,,,,,,,,,,,,,,,,,,,,,,,,,,,,,,,,"?","?",,,,,,,,,,,,,,,,,,,,,,,,,,,,,,,,,,,,,"?","?","?","?","?","?","?","?","?","?","?","?","?","?","?","?","?","?","?","?","?","?","?","?","?",,,,,"?","?","?","?","?","?","?","?","?","?","?","?","?","?","?","?","?","?","?","?","?","?",,"?","?","?","?",,,,,,,,,,,,,,,,,